strategy,layer,policy,year,return
dv2,central,moo,2010,0.20305251916301081
dv2,central,moo,2011,-0.03285981098483659
dv2,central,moo,2012,0.006961081441510419
dv2,central,moo,2013,0.583981874976355
dv2,central,moo,2014,0.07608341961162246
dv2,central,moo,2015,0.12485508791836875
dv2,central,moo,2016,0.14970907773372533
dv2,central,moo,2017,0.13233093310021826
dv2,central,moo,2018,0.0603654394599884
dv2,central,moo,2019,0.1689955339579461
dv2,central,moo,2020,0.8098402745564781
dv2,central,moo,2021,0.2884638904212904
dv2,central,moo,2022,0.05326992220540783
dv2,central,moo,2023,0.13554252785722243
dv2,central,moo,2024,0.27774858500947563
dv2,central,moo,2025,0.10468184906373312
dv2,central,moo,2026,0.3602185654654253
dv2,central,limit_0.5pct,2010,0.12965617144589103
dv2,central,limit_0.5pct,2011,-0.007950500641014324
dv2,central,limit_0.5pct,2012,-0.03184782306396283
dv2,central,limit_0.5pct,2013,0.47976274585480994
dv2,central,limit_0.5pct,2014,0.038317011381783894
dv2,central,limit_0.5pct,2015,0.13838357964595294
dv2,central,limit_0.5pct,2016,0.160021496665681
dv2,central,limit_0.5pct,2017,0.13007757669953146
dv2,central,limit_0.5pct,2018,0.03166956400179943
dv2,central,limit_0.5pct,2019,0.14270876076619254
dv2,central,limit_0.5pct,2020,0.8525811901375253
dv2,central,limit_0.5pct,2021,0.31801544477260557
dv2,central,limit_0.5pct,2022,0.023386010559407477
dv2,central,limit_0.5pct,2023,0.07252734960402796
dv2,central,limit_0.5pct,2024,0.26393349679851896
dv2,central,limit_0.5pct,2025,0.16434857316080698
dv2,central,limit_0.5pct,2026,0.40632830537639664
dv2,central,limit_1pct,2010,0.1502078023253366
dv2,central,limit_1pct,2011,0.018655009288623736
dv2,central,limit_1pct,2012,-0.03400122234536229
dv2,central,limit_1pct,2013,0.45818559740602915
dv2,central,limit_1pct,2014,-0.01681535239427534
dv2,central,limit_1pct,2015,0.20612150949269736
dv2,central,limit_1pct,2016,0.2614959729238491
dv2,central,limit_1pct,2017,0.18148597504867503
dv2,central,limit_1pct,2018,-0.052504463201977325
dv2,central,limit_1pct,2019,0.11978859722791713
dv2,central,limit_1pct,2020,0.7048579719886987
dv2,central,limit_1pct,2021,0.3037637514545135
dv2,central,limit_1pct,2022,-0.01152949969790984
dv2,central,limit_1pct,2023,0.09453926738892404
dv2,central,limit_1pct,2024,0.2776674842418636
dv2,central,limit_1pct,2025,0.3291080840507117
dv2,central,limit_1pct,2026,0.5067297033680822
dv2,central,limit_2pct,2010,0.1845905357028501
dv2,central,limit_2pct,2011,0.002543004681214045
dv2,central,limit_2pct,2012,0.01901250877845495
dv2,central,limit_2pct,2013,0.22144045543762791
dv2,central,limit_2pct,2014,0.1143097700784017
dv2,central,limit_2pct,2015,0.21542073656924243
dv2,central,limit_2pct,2016,0.13379952814049645
dv2,central,limit_2pct,2017,0.15751387331146582
dv2,central,limit_2pct,2018,-0.06337419277083223
dv2,central,limit_2pct,2019,0.15431461885681652
dv2,central,limit_2pct,2020,0.5382231970684641
dv2,central,limit_2pct,2021,0.17940130109311436
dv2,central,limit_2pct,2022,0.08381366843671922
dv2,central,limit_2pct,2023,0.08243616019623379
dv2,central,limit_2pct,2024,0.14766686973293996
dv2,central,limit_2pct,2025,0.24048951406181995
dv2,central,limit_2pct,2026,0.3874643074208661
dv2,stress,moo,2010,0.09853773372473595
dv2,stress,moo,2011,-0.11249872249402004
dv2,stress,moo,2012,-0.07780844712521351
dv2,stress,moo,2013,0.42564547449981305
dv2,stress,moo,2014,-0.026650678200699995
dv2,stress,moo,2015,0.024655988233439396
dv2,stress,moo,2016,0.046801557680761
dv2,stress,moo,2017,0.02624314599502009
dv2,stress,moo,2018,-0.0378702504703875
dv2,stress,moo,2019,0.05955961296216117
dv2,stress,moo,2020,0.6305170942185165
dv2,stress,moo,2021,0.15904549161082704
dv2,stress,moo,2022,-0.030607363983542912
dv2,stress,moo,2023,0.034486604808422916
dv2,stress,moo,2024,0.15074961959908362
dv2,stress,moo,2025,-0.0016210338015606451
dv2,stress,moo,2026,0.25169815474860746
dv2,stress,limit_0.5pct,2010,0.049160500874059876
dv2,stress,limit_0.5pct,2011,-0.10779983858259856
dv2,stress,limit_0.5pct,2012,-0.12123538141932966
dv2,stress,limit_0.5pct,2013,0.3131777034673706
dv2,stress,limit_0.5pct,2014,-0.06870331899141002
dv2,stress,limit_0.5pct,2015,0.0494297504984742
dv2,stress,limit_0.5pct,2016,0.07404943199171243
dv2,stress,limit_0.5pct,2017,0.0335917212920378
dv2,stress,limit_0.5pct,2018,-0.09253476014349116
dv2,stress,limit_0.5pct,2019,0.025652202091510423
dv2,stress,limit_0.5pct,2020,0.5898166597147971
dv2,stress,limit_0.5pct,2021,0.12693466137165266
dv2,stress,limit_0.5pct,2022,-0.06823443589494071
dv2,stress,limit_0.5pct,2023,-0.02496404378568151
dv2,stress,limit_0.5pct,2024,0.1821699758304851
dv2,stress,limit_0.5pct,2025,0.04760880201470408
dv2,stress,limit_0.5pct,2026,0.2847642362254177
dv2,stress,limit_1pct,2010,0.06953611176556129
dv2,stress,limit_1pct,2011,-0.08173306579968864
dv2,stress,limit_1pct,2012,-0.11599615104494432
dv2,stress,limit_1pct,2013,0.323212188390797
dv2,stress,limit_1pct,2014,-0.08816503513228535
dv2,stress,limit_1pct,2015,0.09366755315217401
dv2,stress,limit_1pct,2016,0.16598758857892548
dv2,stress,limit_1pct,2017,0.09402681607287722
dv2,stress,limit_1pct,2018,-0.13164644847890905
dv2,stress,limit_1pct,2019,0.05917484940187823
dv2,stress,limit_1pct,2020,0.5213449800544672
dv2,stress,limit_1pct,2021,0.16528318735189163
dv2,stress,limit_1pct,2022,-0.06634554234508905
dv2,stress,limit_1pct,2023,0.013361502922216495
dv2,stress,limit_1pct,2024,0.1342361776195362
dv2,stress,limit_1pct,2025,0.1817339890878833
dv2,stress,limit_1pct,2026,0.3319262985379581
dv2,stress,limit_2pct,2010,0.1527885690986468
dv2,stress,limit_2pct,2011,-0.041565909147341595
dv2,stress,limit_2pct,2012,-0.01945808518481651
dv2,stress,limit_2pct,2013,0.15955253696949256
dv2,stress,limit_2pct,2014,0.06418776731614972
dv2,stress,limit_2pct,2015,0.18340676290418845
dv2,stress,limit_2pct,2016,0.06963304927891767
dv2,stress,limit_2pct,2017,0.12387699561001919
dv2,stress,limit_2pct,2018,-0.11898170119469831
dv2,stress,limit_2pct,2019,0.10189859824500602
dv2,stress,limit_2pct,2020,0.4486269254803401
dv2,stress,limit_2pct,2021,0.08928971561854415
dv2,stress,limit_2pct,2022,0.022287057712962355
dv2,stress,limit_2pct,2023,0.026400766560322975
dv2,stress,limit_2pct,2024,0.08606432311077805
dv2,stress,limit_2pct,2025,0.14642162056079333
dv2,stress,limit_2pct,2026,0.31998505526180687
hpi235,central,moo,2010,0.04389284326011689
hpi235,central,moo,2011,0.1504707207391216
hpi235,central,moo,2012,0.1606667266069839
hpi235,central,moo,2013,0.15128488090024006
hpi235,central,moo,2014,0.06999758810939505
hpi235,central,moo,2015,0.0315793032538938
hpi235,central,moo,2016,0.13380520439483878
hpi235,central,moo,2017,0.06747048686830737
hpi235,central,moo,2018,0.009626954675165722
hpi235,central,moo,2019,0.20806038720324915
hpi235,central,moo,2020,0.45243003296448103
hpi235,central,moo,2021,0.537075049094691
hpi235,central,moo,2022,0.1950581277059511
hpi235,central,moo,2023,0.23174710687979827
hpi235,central,moo,2024,0.08802130761180305
hpi235,central,moo,2025,0.09756550727542002
hpi235,central,moo,2026,0.16067640368087543
hpi235,central,limit_0.5pct,2010,0.04912670659043705
hpi235,central,limit_0.5pct,2011,0.12441126178206297
hpi235,central,limit_0.5pct,2012,0.19705112319386364
hpi235,central,limit_0.5pct,2013,0.1557464925021601
hpi235,central,limit_0.5pct,2014,0.0848544454215221
hpi235,central,limit_0.5pct,2015,0.12202669447234271
hpi235,central,limit_0.5pct,2016,0.2871675743650077
hpi235,central,limit_0.5pct,2017,0.1961033658749407
hpi235,central,limit_0.5pct,2018,0.07110667115075775
hpi235,central,limit_0.5pct,2019,0.13259470806578144
hpi235,central,limit_0.5pct,2020,0.4523181611445224
hpi235,central,limit_0.5pct,2021,0.4388770886348432
hpi235,central,limit_0.5pct,2022,0.2375721772619881
hpi235,central,limit_0.5pct,2023,0.148807000085742
hpi235,central,limit_0.5pct,2024,0.10640920559784917
hpi235,central,limit_0.5pct,2025,0.14420340908474127
hpi235,central,limit_0.5pct,2026,0.17504070270036753
hpi235,central,limit_1pct,2010,0.1416028462348058
hpi235,central,limit_1pct,2011,0.11460721192456713
hpi235,central,limit_1pct,2012,0.19441489049133365
hpi235,central,limit_1pct,2013,0.21134549882231735
hpi235,central,limit_1pct,2014,0.07876330384887176
hpi235,central,limit_1pct,2015,0.13541809092203372
hpi235,central,limit_1pct,2016,0.26627483499124427
hpi235,central,limit_1pct,2017,0.12636834269776553
hpi235,central,limit_1pct,2018,0.019221386066739843
hpi235,central,limit_1pct,2019,0.09319858940423908
hpi235,central,limit_1pct,2020,0.3667742772797571
hpi235,central,limit_1pct,2021,0.3542184637029755
hpi235,central,limit_1pct,2022,0.28006743449153704
hpi235,central,limit_1pct,2023,0.18420133883171874
hpi235,central,limit_1pct,2024,0.10635091763154803
hpi235,central,limit_1pct,2025,0.006455874766069902
hpi235,central,limit_1pct,2026,0.15620107359152757
hpi235,central,limit_2pct,2010,0.0697181434619325
hpi235,central,limit_2pct,2011,-0.01760798049818646
hpi235,central,limit_2pct,2012,0.10373943394754348
hpi235,central,limit_2pct,2013,0.18905217777324368
hpi235,central,limit_2pct,2014,0.16030504391187939
hpi235,central,limit_2pct,2015,0.14338916583691885
hpi235,central,limit_2pct,2016,0.12734875699402237
hpi235,central,limit_2pct,2017,0.05631198397561055
hpi235,central,limit_2pct,2018,0.009771376199682935
hpi235,central,limit_2pct,2019,0.04689897163242773
hpi235,central,limit_2pct,2020,0.3614359161924132
hpi235,central,limit_2pct,2021,0.14670248661763696
hpi235,central,limit_2pct,2022,0.14903623795433418
hpi235,central,limit_2pct,2023,0.12926348793690057
hpi235,central,limit_2pct,2024,0.1353964027534107
hpi235,central,limit_2pct,2025,0.06353407387497123
hpi235,central,limit_2pct,2026,0.18114250367178242
hpi235,stress,moo,2010,-0.006701381152637964
hpi235,stress,moo,2011,0.09971130209885559
hpi235,stress,moo,2012,0.10937978564503381
hpi235,stress,moo,2013,0.09512441498902446
hpi235,stress,moo,2014,0.013846041396347486
hpi235,stress,moo,2015,-0.019465365691120895
hpi235,stress,moo,2016,0.07137520272590492
hpi235,stress,moo,2017,0.005886588150880945
hpi235,stress,moo,2018,-0.050702735811409494
hpi235,stress,moo,2019,0.13541269936552536
hpi235,stress,moo,2020,0.35902817487568317
hpi235,stress,moo,2021,0.44119183756147096
hpi235,stress,moo,2022,0.12810461865048728
hpi235,stress,moo,2023,0.1672032472667082
hpi235,stress,moo,2024,0.021932805604948147
hpi235,stress,moo,2025,0.034336016151811366
hpi235,stress,moo,2026,0.10538917343296039
hpi235,stress,limit_0.5pct,2010,0.0006248197360334551
hpi235,stress,limit_0.5pct,2011,0.055550581234513396
hpi235,stress,limit_0.5pct,2012,0.14305749418496805
hpi235,stress,limit_0.5pct,2013,0.11150328561971623
hpi235,stress,limit_0.5pct,2014,0.039089063062322404
hpi235,stress,limit_0.5pct,2015,0.08008337401058263
hpi235,stress,limit_0.5pct,2016,0.21929010819013506
hpi235,stress,limit_0.5pct,2017,0.11579897150169294
hpi235,stress,limit_0.5pct,2018,-0.018275016418108136
hpi235,stress,limit_0.5pct,2019,0.0628967094858639
hpi235,stress,limit_0.5pct,2020,0.3610136505286907
hpi235,stress,limit_0.5pct,2021,0.3618140375082788
hpi235,stress,limit_0.5pct,2022,0.13164863565396634
hpi235,stress,limit_0.5pct,2023,0.07939509109273724
hpi235,stress,limit_0.5pct,2024,0.053961547040607405
hpi235,stress,limit_0.5pct,2025,0.060378806316956135
hpi235,stress,limit_0.5pct,2026,0.14514315122613697
hpi235,stress,limit_1pct,2010,0.09151648022149361
hpi235,stress,limit_1pct,2011,0.05374977334330544
hpi235,stress,limit_1pct,2012,0.13869889586539252
hpi235,stress,limit_1pct,2013,0.15330340420721722
hpi235,stress,limit_1pct,2014,0.04059687874822604
hpi235,stress,limit_1pct,2015,0.08352675110696328
hpi235,stress,limit_1pct,2016,0.1751515213815562
hpi235,stress,limit_1pct,2017,0.075348206929434
hpi235,stress,limit_1pct,2018,-0.025825807290619784
hpi235,stress,limit_1pct,2019,0.048564733338192
hpi235,stress,limit_1pct,2020,0.2804118574632317
hpi235,stress,limit_1pct,2021,0.25768258340637207
hpi235,stress,limit_1pct,2022,0.21569867805748144
hpi235,stress,limit_1pct,2023,0.133599816022143
hpi235,stress,limit_1pct,2024,0.06037036099697346
hpi235,stress,limit_1pct,2025,-0.06024207916033797
hpi235,stress,limit_1pct,2026,0.10073625331559644
hpi235,stress,limit_2pct,2010,0.025073606339368393
hpi235,stress,limit_2pct,2011,-0.03231831063212098
hpi235,stress,limit_2pct,2012,0.09421830660855424
hpi235,stress,limit_2pct,2013,0.17013045802648197
hpi235,stress,limit_2pct,2014,0.13612539841047933
hpi235,stress,limit_2pct,2015,0.12660163110884648
hpi235,stress,limit_2pct,2016,0.08511171921201499
hpi235,stress,limit_2pct,2017,0.023560295852282698
hpi235,stress,limit_2pct,2018,-0.021317816087653818
hpi235,stress,limit_2pct,2019,0.027993893738205378
hpi235,stress,limit_2pct,2020,0.3394058848071597
hpi235,stress,limit_2pct,2021,0.13894561388157234
hpi235,stress,limit_2pct,2022,0.10401904272740858
hpi235,stress,limit_2pct,2023,0.1060966353759416
hpi235,stress,limit_2pct,2024,0.09608595067975734
hpi235,stress,limit_2pct,2025,0.03146720958430205
hpi235,stress,limit_2pct,2026,0.14689206487570328
sector,central,moo,2010,0.08989270931938198
sector,central,moo,2011,0.021804880471326227
sector,central,moo,2012,0.09126139546081813
sector,central,moo,2013,0.10471297559725046
sector,central,moo,2014,0.06571881260642165
sector,central,moo,2015,0.021896799523502652
sector,central,moo,2016,0.006120288318071099
sector,central,moo,2017,0.06563609512959911
sector,central,moo,2018,-0.0007163082361556494
sector,central,moo,2019,0.15841410754082252
sector,central,moo,2020,0.14244169368912507
sector,central,moo,2021,0.13088765812025982
sector,central,moo,2022,0.06275575052716786
sector,central,moo,2023,0.09454419032804795
sector,central,moo,2024,0.05699856934280434
sector,central,moo,2025,0.06594788713562849
sector,central,moo,2026,0.0594339896620566
sector,central,limit_0.5pct,2010,0.08873936904154212
sector,central,limit_0.5pct,2011,-0.029146453894152602
sector,central,limit_0.5pct,2012,0.06935730769140913
sector,central,limit_0.5pct,2013,0.08769630097282533
sector,central,limit_0.5pct,2014,0.08608369924178727
sector,central,limit_0.5pct,2015,0.05933131035468997
sector,central,limit_0.5pct,2016,0.021961809293668866
sector,central,limit_0.5pct,2017,0.04256956269527268
sector,central,limit_0.5pct,2018,-0.013702216959088909
sector,central,limit_0.5pct,2019,0.07581140108380291
sector,central,limit_0.5pct,2020,0.11328886484514
sector,central,limit_0.5pct,2021,0.08778161656393557
sector,central,limit_0.5pct,2022,0.03713804939855625
sector,central,limit_0.5pct,2023,0.06390775175192642
sector,central,limit_0.5pct,2024,0.03299796215191053
sector,central,limit_0.5pct,2025,0.054136271758034704
sector,central,limit_0.5pct,2026,0.04436511600905502
sector,central,limit_1pct,2010,0.0039748313561629445
sector,central,limit_1pct,2011,-0.029906476547200134
sector,central,limit_1pct,2012,0.038003031860894376
sector,central,limit_1pct,2013,0.06599308496927958
sector,central,limit_1pct,2014,0.07342541419742599
sector,central,limit_1pct,2015,0.03631163593992315
sector,central,limit_1pct,2016,0.005726283374103414
sector,central,limit_1pct,2017,0.006024256602346512
sector,central,limit_1pct,2018,0.019467807789570468
sector,central,limit_1pct,2019,0.05143933434812431
sector,central,limit_1pct,2020,0.07258777591121901
sector,central,limit_1pct,2021,0.06759733066170925
sector,central,limit_1pct,2022,0.03430334460921136
sector,central,limit_1pct,2023,0.09391410687126012
sector,central,limit_1pct,2024,0.009575019139262952
sector,central,limit_1pct,2025,0.04051365672214624
sector,central,limit_1pct,2026,0.05685173056109338
sector,central,limit_2pct,2010,0.0004330120307867169
sector,central,limit_2pct,2011,-0.03401867305721107
sector,central,limit_2pct,2012,0.004206942729473528
sector,central,limit_2pct,2013,0.029198882891389166
sector,central,limit_2pct,2014,0.014718754930732159
sector,central,limit_2pct,2015,0.013869549326204211
sector,central,limit_2pct,2016,0.021965911846429265
sector,central,limit_2pct,2017,0.004141795272878168
sector,central,limit_2pct,2018,0.02285937072754818
sector,central,limit_2pct,2019,0.016326130910002234
sector,central,limit_2pct,2020,0.05878491129955088
sector,central,limit_2pct,2021,0.041980212259416616
sector,central,limit_2pct,2022,0.024880742791638655
sector,central,limit_2pct,2023,0.0199284846615031
sector,central,limit_2pct,2024,-0.010799405879787338
sector,central,limit_2pct,2025,0.02598384843968149
sector,central,limit_2pct,2026,0.009307084583624281
sector,stress,moo,2010,0.07483685892232317
sector,stress,moo,2011,0.007250877656183263
sector,stress,moo,2012,0.07855477112270104
sector,stress,moo,2013,0.08636765704809801
sector,stress,moo,2014,0.05071590198948961
sector,stress,moo,2015,0.0040613231058101995
sector,stress,moo,2016,-0.007228194338511407
sector,stress,moo,2017,0.049898500209336616
sector,stress,moo,2018,-0.017189697965700024
sector,stress,moo,2019,0.14211950074082935
sector,stress,moo,2020,0.12436119501022436
sector,stress,moo,2021,0.11640666714285897
sector,stress,moo,2022,0.04312532149360737
sector,stress,moo,2023,0.07503260061186046
sector,stress,moo,2024,0.03825787858269236
sector,stress,moo,2025,0.04938013271152064
sector,stress,moo,2026,0.04899003870133645
sector,stress,limit_0.5pct,2010,0.05019386705245732
sector,stress,limit_0.5pct,2011,-0.03783424939581259
sector,stress,limit_0.5pct,2012,0.05981225995879269
sector,stress,limit_0.5pct,2013,0.07427545243770428
sector,stress,limit_0.5pct,2014,0.07298098058927205
sector,stress,limit_0.5pct,2015,0.04596075747456507
sector,stress,limit_0.5pct,2016,0.011648367057969455
sector,stress,limit_0.5pct,2017,0.034159713349089404
sector,stress,limit_0.5pct,2018,-0.02605535604562459
sector,stress,limit_0.5pct,2019,0.06578609918743039
sector,stress,limit_0.5pct,2020,0.0745318080500672
sector,stress,limit_0.5pct,2021,0.07039973354924833
sector,stress,limit_0.5pct,2022,0.013029125231284633
sector,stress,limit_0.5pct,2023,0.043725195282087403
sector,stress,limit_0.5pct,2024,0.018127616760232668
sector,stress,limit_0.5pct,2025,0.029705646643861883
sector,stress,limit_0.5pct,2026,0.037887857005224124
sector,stress,limit_1pct,2010,-0.0028120095325449013
sector,stress,limit_1pct,2011,-0.04153326091354581
sector,stress,limit_1pct,2012,0.039901899309606303
sector,stress,limit_1pct,2013,0.06401941970362812
sector,stress,limit_1pct,2014,0.05808582815546903
sector,stress,limit_1pct,2015,0.021433406932029886
sector,stress,limit_1pct,2016,-0.0015720618765536765
sector,stress,limit_1pct,2017,0.0044821653054918364
sector,stress,limit_1pct,2018,0.010982290235233672
sector,stress,limit_1pct,2019,0.03697686091770236
sector,stress,limit_1pct,2020,0.05933345033811288
sector,stress,limit_1pct,2021,0.054969615182847154
sector,stress,limit_1pct,2022,0.03439870116292565
sector,stress,limit_1pct,2023,0.07854899558355943
sector,stress,limit_1pct,2024,0.005276044765738952
sector,stress,limit_1pct,2025,0.033565401027003006
sector,stress,limit_1pct,2026,0.051152456135330926
sector,stress,limit_2pct,2010,-0.002952869805347813
sector,stress,limit_2pct,2011,-0.038153647174552496
sector,stress,limit_2pct,2012,0.0036670866034191896
sector,stress,limit_2pct,2013,0.028375330366336105
sector,stress,limit_2pct,2014,0.01024905386123498
sector,stress,limit_2pct,2015,0.011730839516303382
sector,stress,limit_2pct,2016,0.01933436514480058
sector,stress,limit_2pct,2017,0.0036009368961178456
sector,stress,limit_2pct,2018,0.013477465624574858
sector,stress,limit_2pct,2019,0.015232411397107626
sector,stress,limit_2pct,2020,0.052827041835094235
sector,stress,limit_2pct,2021,0.040016036156692136
sector,stress,limit_2pct,2022,0.021043137315935212
sector,stress,limit_2pct,2023,0.013778779420994924
sector,stress,limit_2pct,2024,-0.011324318018170132
sector,stress,limit_2pct,2025,0.024094361761181293
sector,stress,limit_2pct,2026,0.008760383587659959
